id,text
984659761084821504,RT @MW_Unrest: Shout out to the folks in #Flint who blockaded I-69 today after the Michigan state government announced they will no longerâ€¦
984659646844616704,RT @mercola: Watch: This video explains why you should avoid airplane tap water at all costs. https://t.co/kGvtmECUMU
984659582248275969,"Brain-damaging lead found in tap water in hundreds of homes tested across Chicago.
Hey  @chicagosmayor what are youâ€¦ https://t.co/RpjabqjHGY"
984659256665354240,@Carwyn_Hoffi Even on hotels that usually have tanks instead of running from the source tap water?
984659215426969605,@ramsmahat Shall be thanking all related and concerned once first drop of water starts falling from tap in our house!!!
984658741768392704,"RT @CNN: Toxic lead was found in hundreds of Chicago homes' tap water within the past two years, according to a Chicago Tribune analysis ofâ€¦"
984658418748264448,"Lead found in hundreds of Chicago homes' tap water, report says https://t.co/xP7pdo7kgr"
984657703774707714,RT @Whoneedsacape: #ad Please watch this message!  @BritaUSA is helping reduce the number of plastic water bottles used by placing Brita Hyâ€¦
984657648900608000,"Brain-damaging lead found in tap water in Chicago
 https://t.co/8s5IIOLCk6"
984657634874847233,"RT @dubstep4dads: waiter: we only have tap water, is that okay?

me: listen i wouldn't even care if you shot me with a gun"
984657413927141377,"RT @SimplySweetDays: #ad Our kids have water bottles for school because it's cheap, but I never thought of the environmental impact of refiâ€¦"
984657175896260608,There's a particularly annoying @Colgate ad about wasting water. It claims if u leave the tap running u can lose upâ€¦ https://t.co/4SMJVIBSSe
984657133617729536,"RT @jsmithrichards: More than 2,000 Chicagoans got lead-testing kids from the city to check their tap water at home. Lead was found in nearâ€¦"
984656475480997889,how do i explain to my roommate that no she can't have one of my la croixs because they're one of the few things thâ€¦ https://t.co/gzRGgulKYQ
984656443738488833,"RT @GeorgeEdwardCa4: @intheMatrixxx @Ridge2100 @POTUS I know the truth about only a few things and yet sleep is almost impossible

Benghaziâ€¦"
984656065647333376,Dating a short girl is fun until you want to kiss her and it feels as if you're drinking water from a tap.
984655976107298817,"RT @clc3099: @MsPackyetti @MollyJongFast And yet @EPAScottPruitt stole $84,895 from the Clean Water Act to give his crony friends Millan Huâ€¦"
984655551060725760,RT @NOTjennbachman: â€œThat tastes like spicy tap waterâ€ - David taking his first green tea shot
984655334101999616,"I had to drink tap water today, I almost died at the thought. #1stworldproblems"
984654614871072768,"Lead found in hundreds of Chicago homes' tap water, report says https://t.co/lf0dTE9MJE"
984654512446164992,RT @JonRaff: They expected me to drink plain project tap water? í ½í¸’ Man dem moving like Moby... https://t.co/XJy1LZ0lLn
984654471761346560,"I just cut back the hedge, opened the cover to the water toby, put my hand into that spider infested hellhole and tâ€¦ https://t.co/M263WwqXHB"
984654437200183296,I can't believe I have to wake up at 9:30 on my day off because my fucking hot water tap needs to be fixed. It's aâ€¦ https://t.co/81eOsvmdAz
984654373543399424,"@North2North @JakeLake720 Um, unless you're using bottled water, your coffee is made with tap water."
984653588352917504,â€œThat tastes like spicy tap waterâ€ - David taking his first green tea shot
984653296290983936,"Toxic lead was found in tap water drawn from nearly 70% of 2,797 homes across Chicago within the past two years, acâ€¦ https://t.co/izBCliY7BQ"
984652998608605184,RT @hofman22: @TimmermansEU @EU_Commission @KarmenuVella @GOettingerEU @jyrkikatainen @EBienkowskaEU @Europarl_EN @EUCouncil @EUinNL @PES_Pâ€¦
984652810515034112,RT @chicagotribune: 4/ Chicago residents interested in having their tap water tested for lead can order a free testing kit from the city atâ€¦
984652302328807424,Tell me why I'm at Carl's junior and these white girls are complaining about tap water. Be grateful the fuck
984651614383493121,"RT @SCDadvocate: FYI - Flint Michigan is still without clean tap water and now, as of 6pm today, all water PODS are officially closed.  Theâ€¦"
984651294018342912,"RT @SouthportCor: Brain-damaging lead found in tap water in hundreds of homes tested across Chicago, results show https://t.co/mgCdJdAtHa"
984651086542680064,RT @xChaai: ur mcm the kinda bloke to say he drinks Fiji water every day but he's just been refilling the bottle with tap water for the pasâ€¦
984650632480030720,"i tried to get a glass of water from the tap and had i not looked at it before drinking, i would have full on swallâ€¦ https://t.co/rwqv5nT7Yc"
984650044820414465,"RT @AnarchiMedia: Brain-damaging lead found in tap water in hundreds of homes tested across Chicago, results show https://t.co/JPJaQUoVro"
984649851345530880,RT @KyyyleC18: am i boujee bc i won't drink tap water
984649353515200512,"RT @saadcoreshi: #Water
It is interesting and thought provoking í ¾í´”í ½í¸³

Title: #Water
Grand father saw it in #River
Father saw it in #Well
We sâ€¦"
984649252474425350,RT @heavyseas: Brain-damaging lead found in tap water in hundreds of homes tested across #Chicago - but @chicagosmayor has done nothing toâ€¦
984648902577131521,"TRUST was turning on tap, holding out hands, closing eyes,&amp; washing face. NOT ANYMORE, cos the water is sometimes aâ€¦ https://t.co/lu4flDWLq6"
984648202891784192,"#Water
It is interesting and thought provoking í ¾í´”í ½í¸³

Title: #Water
Grand father saw it in #River
Father saw it inâ€¦ https://t.co/q5652A5k1K"
984647918618636288,"RT @SAW_30: Brain-damaging lead found in tap water in hundreds of homes tested across Chicago, results show https://t.co/A81wAoF7Vv"
984647379570839552,"RT @DVS_BSTRD: @SpecShell_Ed @nowthisnews Sweet.. Then you're aware of more than 12,000 homes that still need lead leached pipes replaced aâ€¦"
984646006737461249,"Falling out of a tree: 1,413 people

Being crushed by a television 
(yeah, it happens to the best of us): 41 peopleâ€¦ https://t.co/paZtQcDjwK"
984645980095213569,wow just found out there's a 30% chance my tap water has brain-damaging amounts of lead. thanks chicago
984645855969005568,am i boujee bc i won't drink tap water
984645791082995712,"Wow... who knew?   
Don't Buy Expensive Filters! The Cheapest way to clean up your tap water of fluoride, aluminum,â€¦ https://t.co/PKBKupSVhp"
984645686661734400,RT @MetropolitanREG: #lead found in #Chicago tap #water https://t.co/VuvsPF7mNZ https://t.co/ETVT5OUUu0
984645382364848128,RT @jsphdeal: please don't come to me with stories about people i don't care about. that's not tea it's tap water and i'm not drinking it tâ€¦
984645098943205376,RT @acadianathrifty: Steph Curry has teamed up with @BritaUSA to help filter bottled water out of our schools for water that is better forâ€¦
984645036594880513,This Filipino tap water got me tripping......
984644817190834177,RT @rethelangel: your wcw buys fiji water and fills up the bottle with tap water when she done wid it
984644583341641729,#lead found in #Chicago tap #water https://t.co/VuvsPF7mNZ https://t.co/ETVT5OUUu0
984644360569589761,"Other honorable mentions include:

Lightning strikes: 38 people
Drinking tap water: 43 people
Lawnmowers: 951 peoplâ€¦ https://t.co/AV7RlFfVEC"
984644050891542529,"RT @ashtonbirdie: Boycott David Hogg's Sponsors!

CNN
My Little Pony
Tide Pods
Huggies
Tampax Sport
Tap Water
Some state college in Floridaâ€¦"
984644037620662277,Brain-damaging lead found in tap water in hundreds of homes tested across #Chicago - but @chicagosmayor has done noâ€¦ https://t.co/U8Ap3Yp8XT
984643928921079809,"RT @fukushimaexpos2: NRA's data shows contamination level in Tokyo tap water higher than #Fukushima by 24%.
https://t.co/rFwEK9EAyg https:/â€¦"
984643815410675713,"RT @NoHomoImGay: Wake up âœ…

Throw up for no reason âœ…

Finish glass of 3 day old stale tap water âœ…

Scratch balls and sniff to see if I needâ€¦"
984643688189124608,"RT @DrHubaEvaluator: Lead found in hundreds of Chicago homes' tap water, report says https://t.co/uahqivK2nk"
984643320319066114,"Brain-damaging lead found in tap water in hundreds of homes tested across Chicago, results show. https://t.co/LQT29by5cw"
984643109177917440,"Lead found in hundreds of Chicago homes' tap water, report says https://t.co/uahqivK2nk"
984642860556353536,"RT @craignewman: Brain-damaging lead found in tap water in hundreds of homes tested across Chicago, results show https://t.co/BEa4mXW4Fc"
984642410792833025,your wcw buys fiji water and fills up the bottle with tap water when she done wid it
984642402811080704,"Brain-damaging lead found in tap water in hundreds of homes tested across Chicago, results show https://t.co/BEa4mXW4Fc"
984641952585936896,"RT @EWilliamsArtist: It's a nice idea but I still think reusing water bottles by filling, chilling and then drinking chilled potable tap waâ€¦"
984641888887156736,Brain-damaging lead found in tap water in hundreds of homes tested across Chicago #awareness  https://t.co/lykOEf0cHL
984641168423219200,@Manabanana420 @PurestKanadajin @ArtoftheElderly @AnalSparkles I warned you about tap water damnit. Gotta get the mineral free kind.
984641045303410689,sometimes my tap water tastes like little house on the prairie. not sure if it's lead or what
984640467701829632,"@Nuriyahhhhh I don't know bro. Right after I asked her her name, I asked where she liked her tap water from. She saâ€¦ https://t.co/xm0CRxi8Ny"
984640137429770240,RT @EOCPBCY: Why does some tap water taste weird? | Australia news | The Guardian https://t.co/0JLZWdnsme https://t.co/AtwExsaVAJ
984639993548279808,"Lead found in hundreds of Chicago homes' tap water, report says - CNN https://t.co/OHjyTwBFKv"
984639925952823296,"Twenty four hours later, things poured into tap water are beginning to wither. It is effective for all living thingâ€¦ https://t.co/5i32zab5Y5"
984639553976852480,"RT @fklonsky: Brain-damaging lead found in tap water in hundreds of homes tested across Chicago, results show https://t.co/7pEC1LBQby"
984639509626171392,"@wildberryblend @dickinsoup @umillko girl you ain't never lived in the ghetto, you ever had tap water? That shit tastes like Dasani"
984639422313316360,"and the dandelion and the flower of the field were observed by the same number and watched. Surprisingly, about anâ€¦ https://t.co/APNldKI1EX"
984639162987917312,@chrrycxla @dickinsoup @umillko no no no Arrowhead is literal bottled tap water. because WATER SHOULDN'T TASTE AND THAT SHIT TASTES
984638896309858305,@wildberryblend @dickinsoup @umillko Dasani tastes like tap water babe tf
984638832749563904,Black Man / Black Women if you are still drinking Tap Water. Stop right now and begin to drink Spring Water. Masterâ€¦ https://t.co/t8fEU2gkza
984638728370098176,RT @VeganYackAttack: Videos like this give me hope! Here @StephenCurry30 talks about how @BritaUSA is helping schools across the country reâ€¦
984637908329037825,Shout out to the folks in #Flint who blockaded I-69 today after the Michigan state government announced they will nâ€¦ https://t.co/rpEDxV3vBz
984637890654334976,ü¾™†”¼ü¾Œ†„¼ü¾™†ˆ¼ü¾™†”¼ü¾¶ˆ¼ü¾Œ¶„¼ I'm a country girl â€” I was raised drinking tap water. I do not believe in buying bottled water. I like my water oâ€¦ https://t.co/s5TbsmHQZI
984637738526928897,RT @scribeguy: Why does brain-damaging lead keep showing up in Chicago tap water? City required lead service lines until Congress outlawedâ€¦
984637658348572672,RT @chicagotribune: Brain-damaging lead was found in tap water at two-thirds of the homes tested across Chicago â€” yet the city's not replacâ€¦
984636960974233600,"Brain-damaging lead found in tap water in hundreds of homes tested across Chicago, results show https://t.co/A81wAoF7Vv"
984636953172807681,"@brad_tauber720 ""Omg just drink from the faucet... Chicago has like the cleanest tap water in the US..."""
984636489672937472,"Lead is in every pipe in every city in the US. Flint was just the beginning

Lead found in tap water in hundreds ofâ€¦ https://t.co/Ec578SdV1c"
984636425244172289,"RT @Nina_Metz: Scary: ""Brain-damaging lead found in tap water in hundreds of homes tested across Chicago"" https://t.co/uHpIC7PLQv"
984636225536577536,"Brain-damaging lead found in tap water in hundreds of homes tested across Chicago, results show https://t.co/gSQvBAUHUH"
984636224014036992,"Lead found in hundreds of #Chicago homes' tap water, report says - CNN  https://t.co/68Th5cXwOv"
984635452094234624,RT @sarasik0ra: My self worth does not allow me to drink tap water.
984635335694082048,RT @D4thewin: @BillieRich17 @NastyWmnAction @lxrosen @NestleUSA @onetoughnerd @LtGovCalley Water WILL be the next war front. In the next 50â€¦
984634739003936768,"Brain-damaging lead found in tap water in hundreds of homes tested across Chicago, results show https://t.co/eeQbuYfJRf"
984634416260579329,"RT @Carolyny1948: Lead found in hundreds of Chicago homes' tap water, report says  via KTVZ https://t.co/R8IDg7CWIy"
984634403350503424,@BillieRich17 @NastyWmnAction @lxrosen @NestleUSA @onetoughnerd @LtGovCalley Water WILL be the next war front. In tâ€¦ https://t.co/jFiJYdngvN
984633409677996034,"Brain-damaging lead found in tap water in hundreds of homes tested across Chicago, results showâ€¦ https://t.co/rr9Wu1V9fM"
984632867157229568,"RT @zachhaller: Brain-damaging lead found in tap water in hundreds of homes tested across Chicago, results show https://t.co/91zi3Ny1UL"
984632584457129984,They expected me to drink plain project tap water? í ½í¸’ Man dem moving like Moby... https://t.co/XJy1LZ0lLn
984630588031172608,"RT @HfxAdventure: Unless it's an emergency, please stop drinking bottled water. 

It's really just tap water...buy a refillable container..â€¦"
984630443986206720,@twin_rova Gatorade does water. Tap this ad by now.
984630249110450177,"Lead found in hundreds of Chicago homes' tap water, report says  via KTVZ https://t.co/R8IDg7CWIy"
984630189123620864,"RT @Silicylo: Psychiatric evaluation.
Me: Oga If you come into a room and see a tap open and water pouring and wasting, what would you do?â€¦"
984629040026812416,"RT @watergrlJD: @jfleck His tormentors lifted his head from the tub. Sputtering, @jfleck strained against his bonds. Were those tears in hiâ€¦"
984628797679874048,RT @Kuzlalala: You can't drink tap water in Indonesia
984628771000143873,"RT mercola ""Watch: This video explains why you should avoid airplane tap water at all costs. https://t.co/UoQCtN183w"""
984628703433932802,You can't drink tap water in Indonesia
984628650317361152,Chrome RO Reverse Osmosis Kitchen Sink Drinking Water Filter Faucet TapÂ 1/4â€ https://t.co/Ubdi9wZTDF https://t.co/YiJsq1yFIJ
984628502392602626,The @Dbacks  show how #business #water reduction efforts can start with simply adding #FlowRestrictors to onsite taâ€¦ https://t.co/e6KEmGVx8a
984628435506122752,Chrome Drinking Water Filter Faucet Reverse Osmosis System Sink Kitchen TapÂ BA https://t.co/IxEfBHWXJa https://t.co/nopjfAvJxU
984628401712648192,"#health news courtesy of @CNN- Lead found in hundreds of Chicago homes' tap water, report saysâ€¦ https://t.co/uRdgJI8qw5"
984628131834269696,"@JillMakesStuff Cold eggs can crack from the temp difference, but a sit in neutral tap water while you prep fixes that"
984627928729378816,I've been throwing off the balance of shit inside my body because I've been cleaning up with regular tap water andâ€¦ https://t.co/Bmf6MClEp9
984627608406188032,@Moristico í ½í¸­í ½í¸­ never in a million years will I drink anymore tap water. Only filtered from my fridge
984627347713294336,Watch: This video explains why you should avoid airplane tap water at all costs. https://t.co/kGvtmECUMU
984627245883863040,ICYMI: What makes water taste good? Why does some tap water taste weird? Lecturer Ian Wright fills us in as NSW/ACTâ€¦ https://t.co/TKbOlj0KfM
984626945529806853,Water restored #Claremont - Please run your tap until water is clear to remove sediment &amp; cloudiness
984626525428420608,"Lead found in hundreds of Chicago homes' tap water, report says https://t.co/ZBY4ZC9N0N"
984626009482977280,"Brain-damaging lead found in tap water in hundreds of homes tested across Chicago, results show https://t.co/7pEC1LBQby"
984625987756306432,ur mcm the kinda bloke to say he drinks Fiji water every day but he's just been refilling the bottle with tap water for the past 8 months
984625978357026816,"You can't tell me all water tastes the same. 

Have you ever put tap into a water bottle and tried it at a warmer tâ€¦ https://t.co/nxP2W2vBIc"
984625669639409664,RT @NFSAorg: #CharlevoixMI is taking the uncommon step to waive any fees for properties to tap into the city's water line when installing aâ€¦
984625614312402944,are you sure they didn't test our tap water ü¾™†”¼ü¾Œ†„¼ü¾™†ˆ¼ü¾™†”¼ü¾†ˆ¼ü¾†„¼ https://t.co/0TsCl06AJf
984625561841688576,@CNN Sooooo what I gathered from this article is that the vast majority of tap water had levels within the EPA's acâ€¦ https://t.co/HBCNEAtbgv
984625484750249985,"@chrishire_cat Not gonna lie, it's kinda weird to use just make sure you follow the instructions and be sure to notâ€¦ https://t.co/uG0pPCc74d"
984625432967262210,bra.... u drinking .. t.. t.. t.. tap... water? https://t.co/iypAWwJOyA
984625142151221248,RT @DOLPHINSDAUGHTR: We don't drink tap water. https://t.co/kZs7QZKZQF
984624163754299396,@Moristico Please. Bottled water tastes so much better than tap and from my fridge. And I'm broke so I will take the free water
984623696957530112,Dangerous lead levels found in hundreds of Chicago homes that were tested - WGN-TV: WGN-TV Dangerous lead levels foâ€¦ https://t.co/f2QsDee16T
984623677802254338,"RT @KrisKennedy: ""[L]ead was found in water drawn from nearly 70 percent of the 2,797 homes tested during the past two years. Tap water inâ€¦"
984623368203882496,"Brain-damaging lead found in tap water in hundreds of homes tested across Chicago, results show https://t.co/7gcYVJeDyY"
984623252235538432,"RT @brady_dennis: Brain-damaging lead found in tap water in hundreds of homes tested across Chicago, results show: https://t.co/strfVvHgGE"
984623140579020802,"RT @WestSuburbILDSA: Brain-damaging lead found in tap water in hundreds of homes tested across Chicago, results show  https://t.co/wFzsSe7mâ€¦"
984623019627896833,RT @katchicago: We map the city's lead testing data for you because Chicago does not. Enter an address and see results of nearby tap waterâ€¦
984622771530584066,Allow those women to have free sterilization.....that way a pregnancy never happens. Their choice. Children do Notâ€¦ https://t.co/AnRJmNYbtS
984622656120082435,Seeing the movie Erin Brockovich plus the Flint stuff drinking tap water scares me.
984622562419261441,Im paying well over rm30 for one dish and you have the audacity to charge me rm2 for tap water?????
984622459017101312,"Brain-damaging lead found in tap water in hundreds of homes tested across Chicago, results show https://t.co/joLItIvjTU"
984621982846193664,From Major to Minor Plumbing Repairs https://t.co/7zyMcfSGxL No matter how beautiful and well furnished your houseâ€¦ https://t.co/bnTN0SB9SR
984621877606797312,"RT @prisonculture: Brain-damaging lead found in tap water in hundreds of homes tested across Chicago, results show https://t.co/kLI2O5OOxX"
984621389767258112,Lead found in tap water in hundreds of homes tested across Chicago https://t.co/e7JB4YieyF
984621345051938817,"RT @BruceDold: Brain-damaging lead found in tap water in hundreds of homes tested across Chicago, results show https://t.co/PPNFajz996"
984621242245353472,"Brain-damaging lead found in tap water in hundreds of homes tested across Chicago, results show https://t.co/MKNkF0XB82"
984621003127963648,"RT @hdagres: Iran's Esfahan province has seen a second day of street protests against water shortages, as lawmakers warn that millions of râ€¦"
984619565878521858,RT @GarrettLanza: Your mcm thinks putting ice in his cup of tap water makes it clean
984619497574281216,"Lead found in hundreds of Chicago homes' tap water, report says https://t.co/ooOUD9wzg6 https://t.co/6m4IdS6xP1"
984619327604183040,Water restored #Branxholm - Please run your tap until water is clear to remove sediment &amp; cloudiness
984619244808802305,"Brain-damaging lead found in tap water in hundreds of homes tested across Chicago, results show https://t.co/szx4A5DafT"
984618953833111552,This is why I don't drink tap water! After the crypto spiridium  scare of 1993 here in Milwaukee WI where many eldeâ€¦ https://t.co/pZudi3wYfd
984618947159973888,RT @Fullmetalpenny: Question for horror movie fans.  If you fill up a bath tub with TAP water and then pour in 2 cantins of HOLY water doesâ€¦
984618899651121152,"Brain-damaging lead found in tap water in hundreds of homes tested across Chicago, results show https://t.co/wskvg174h0"
984618790712311810,Videos like this give me hope! Here @StephenCurry30 talks about how @BritaUSA is helping schools across the countryâ€¦ https://t.co/TGESJPqlDj
984618665889775616,"RT @WashingtonSund3: Picture explains current scenario of Tamil Nadu. #GoBackModi We want water from tap, not air :-( https://t.co/qO6eXrDRâ€¦"
984618087998771200,Question for horror movie fans.  If you fill up a bath tub with TAP water and then pour in 2 cantins of HOLY waterâ€¦ https://t.co/dRK7chpZ2p
984617900043653120,@Machaizelli Have you been drinking the tap water lately? I hear it has great affects on what can happen to you.
984617773883064320,"Lead found in hundreds of Chicago homes' tap water, report says https://t.co/cZp9ZU7j2Z @EboniKWilliams tell me what you think:"
984617566248292352,@Kirinodere @waifuwarrior What about the metallic taste from tap water?
984617465920573442,Why I don't drink tap water https://t.co/OOqCqoTjqd
984617347439788032,"@Carloumanati Amen brother. 

https://t.co/QDKatmKupg"
984616949840859137,"@nowthisnews Time for that whole ""fighting tyranny"" thing anytime now #2A folks. Or is this not the tyranny you allâ€¦ https://t.co/Df9fx8nKih"
984616810401206272,"I asked for tap water at a hookah bar and he's like ""we don't have tap water"".... boi what goes in the damn hookah then tryna play me"
984616723746906112,The only thing I hate more than communism is tap water sympathizers.
984616691941470208,"Brain-damaging lead found in tap water in hundreds of homes tested across Chicago, results show https://t.co/BRpM7Zo0iH"
984616269218365440,"RT @ktanimara: https://t.co/mhlLKYp9jc
""Before..Earthquake..secure items..could..cause injuries..Practice..â€œDrop, Cover..Hold On!â€..Store câ€¦"
984615941450485765,Still buying plastic bottles of water? You might want to rethink your choices after reading how much plastic is fouâ€¦ https://t.co/NodX1Xtrmd
984615558204157953,@Kirinodere Indeed. Since there is a significant difference in taste between LA tap water and natural spring water.
984615366520287232,"Lead found in hundreds of Chicago homes' tap water, report says: An analysis from the Chicagoâ€¦â€¦ https://t.co/x2nkYsuiSm"
984615005180973056,"Lead found in hundreds of Chicago homes' tap water, report says https://t.co/H34bsZGrC1"
984614729573388289,Discount EXPRESS - 15% Discount !!  í ½í±¢ Self-Powered #water #Ozone #Generator #Ozonizer #Household #Faucet #Tap #O3â€¦ https://t.co/bf3kuBx5gs
984614693934452737,"@SpecShell_Ed @nowthisnews Sweet.. Then you're aware of more than 12,000 homes that still need lead leached pipes râ€¦ https://t.co/R5QIxKEzOP"
984614197945360390,"Brain-damaging lead found in tap water in hundreds of homes tested across Chicago, results show https://t.co/MEZdeO5kpe"
984613963567640576,@CNN Why is tap water so questionable for anyone in this country with the amount of money we have as a nation. I liâ€¦ https://t.co/bMRc9Wc5YX
984613873226518528,"Brain-damaging lead found in tap water in hundreds of homes tested across Chicago, results show https://t.co/M7mR8l5PVy"
984613748055912448,"Brain-damaging lead found in tap water in hundreds of homes tested across Chicago, results show https://t.co/O0MFE4uwCh"
984613454937026560,"Alex Jones got me to filter my tap water. 

Paul Watson convinced me to stay a mile away from Soy.

Now this. https://t.co/HkQYVo68bn"
984613054577917952,"WATER FISH HOUR 
TAP IF YOU ARE LOST AT SEA"
984613008490967040,"Brain-damaging lead found in tap water in hundreds of homes tested across Chicago, results show https://t.co/pmRTLRT283"
984612910784794624,"Lead found in hundreds of Chicago homes' tap water, report says https://t.co/th1ZLjvniX"
984612835706667009,"Pre-Calc exists, we are about to go to war with Syria, faggots like @lindzamer, host of the Queer Kids Stuff YouTubâ€¦ https://t.co/0ua6PX78jX"
984612703422631936,"Brain-damaging lead found in tap water in hundreds of homes tested across Chicago, results show https://t.co/LD5aeelzyY"
984612537403572224,"Toxic lead was found in hundreds of Chicago homes' tap water within the past two years, according to a Chicago Tribâ€¦ https://t.co/L61eak7yUP"
984612298449981440,"Brain-damaging lead found in tap water in hundreds of homes tested across Chicago, results show https://t.co/YEdyNFzbma"
984612213699719168,"Lead found in hundreds of Chicago homes' tap water, report says https://t.co/d4P6c1uM1O #health"
984612129717268480,"Lead found in hundreds of Chicago homes' tap water, reportÂ says https://t.co/rQXbnPiuW3 https://t.co/K7oUH90LDw"
984611824346771456,Is water the 'secret' to New York bagels? New company aims to recreate the city's tap nationwide https://t.co/eKCA2RSbuD
984610709471481861,"Brain-damaging lead found in tap water in hundreds of homes tested across Chicago, results show https://t.co/qjmRS8KjTo"
984610494668525568,@nowthisnews Make that POS drink only tap water.
984610228074438656,Kempsey tap water worth bottling | photos https://t.co/YpuwGD0tjZ
984610000004878336,"Brain-damaging lead found in tap water in hundreds of homes tested across Chicago, results show https://t.co/TtD7MZi3Br"
984609863065133057,"Brain-damaging lead found in tap water in hundreds of homes tested across Chicago, results show https://t.co/bQj2EcYiJA"
984609375787429888,Water restored #SouthLaunceston - Please run your tap until water is clear to remove sediment &amp; cloudiness
984608465384435712,"Brain-damaging lead found in tap water in hundreds of homes tested across Chicago, results show https://t.co/KrvsxF2iSP"
984608207145496576,"Brain-damaging lead found in tap water in hundreds of homes tested across Chicago, results show THE MAYOR WILL GETâ€¦ https://t.co/rfEQ7sKmO2"
984608046470062080,"Brain-damaging lead found in tap water in hundreds of homes tested across Chicago, results show https://t.co/NWbraD3GiX"
984607512505667585,"Lead found in hundreds of Chicago homes' tap water, report says: An analysis from the Chicago Tribune finds that leâ€¦ https://t.co/PoZU2w7oDV"
984607484957650944,"Lead found in hundreds of Chicago homes' tap water, report says https://t.co/VDIJobPzAz"
984607190064349185,RT @mdefined: Lead in school's drinking water has become a real worry across the nation but we have to agree that bottled water is not theâ€¦
984606107296350209,"Refill and reuse those Kangen bottles! Upgrade your tap water with a new Kangen machine í ¾í´“
Message me to start yourâ€¦ https://t.co/kvBvqBFps3"
984605496559751168,Oh and the source of some popular bottled water brands is......good clean safe tap water. https://t.co/P09hejj3wK
984604562534301696,"Brain-damaging lead found in tap water in hundreds of homes tested across Chicago, results show https://t.co/Jg5jl2GlI0"
984604230412517377,"RT @bossbomin: 1. When the tea just turns out to be stale tap water.
2. When the tea is aight.
3. When the tea is PIPING HOT quality contenâ€¦"
984604132022673408,RT @YouPlumbing: Having leaking tap and toilet issues? You Plumbing can fix that in a wink of an eye. Call us or visit us at https://t.co/hâ€¦
984603535227617280,"Brain-damaging lead found in tap water in hundreds of homes tested across Chicago, results show https://t.co/EB5Rm2jO41"
984603353736011777,Having leaking tap and toilet issues? You Plumbing can fix that in a wink of an eye. Call us or visit us atâ€¦ https://t.co/NSavrjeK5l
984603186060132352,"1. When the tea just turns out to be stale tap water.
2. When the tea is aight.
3. When the tea is PIPING HOT qualiâ€¦ https://t.co/2JKdWATkI8"
984603154217164800,@BrandonTozzo @cinn48 @spaikin @RyersonU @MikeSchreiner @AndreaHorwath @VicFedeliMPP @OntarioPCParty @OntarioNDPâ€¦ https://t.co/bwDtZT7cWS
984603006434918400,@Chanchohh Might as well drink tap water í ¾í´¢
984602976445784064,"""[L]ead was found in water drawn from nearly 70 percent of the 2,797 homes tested during the past two years. Tap waâ€¦ https://t.co/iixlNUqHwg"
984602939980439554,"tastiest tap water i've ever had was in Rhode Island 

respond with ur favorite tap waters"
984602924109189120,"Brain-damaging lead found in tap water in hundreds of homes tested across Chicago, results show https://t.co/qEeivkw7gt"
984602887140585472,Today i decided it was time for me to start drinking tap water in Colombia
984602135299002368,@_JPerkins_ run a couple brews without a K Cup to clean it. May want to try bottle water instead of tap. Also couldâ€¦ https://t.co/lFNJLccyi2
984601991027490816,"Brain-damaging lead found in tap water in hundreds of homes tested across Chicago, results show. https://t.co/ynEBuUsf4l"
984601452424433665,"Brain-damaging lead found in tap water in hundreds of homes tested across Chicago, results show https://t.co/tbobTSLozl"
984601382459199488,"Brain-damaging lead found in tap water in hundreds of homes tested across Chicago, results show https://t.co/XIbKUakZFo"
984601371381923840,RT @RKAdventures: NBA star #StephCurry has an important message about the drinking water in our schools! LEARN MORE HERE&gt;&gt;https://t.co/yeYdâ€¦
984601029277872128,"@PhiladelphiaGov 2 step process. First shift people from unhealthy sugary beverages to water, than teach them boutâ€¦ https://t.co/0CjrWYs2p1"
984600027250266115,"Brain-damaging lead found in tap water in hundreds of homes tested across Chicago, results show https://t.co/mgCdJdAtHa"
984599871297486849,I don't trust people who like Fiji water ü¾™†”¼ü¾Œ†„¼ü¾™–ˆ¼ü¾™†”¼ü¾†ˆ¼ü¾Œ¦„¼ü¾™†”¼ü¾Œ†„¼ü¾™†ˆ¼ü¾™†”¼ü¾†ˆ¼ü¾Œ£ ¼ shit is literally bottled tap water
984599706780225537,RT @GlobalCitiesOrg: A7: Students can raise awareness about water issues and share simple solutions in their schools and communities. #Globâ€¦
984599650119270405,Water restored #EastRisdon - Please run your tap until water is clear to remove sediment &amp; cloudiness
984599488630321152,Nothing in the world beats Garbally tap (from the well) water. At the moment it's the only water I can drink. Justâ€¦ https://t.co/HEfD33QU9y
984599058760306688,"RT @bridgetanne10: AQ friends! I'm in a class called Women&amp;the Environment this semester, and for our final project a few classmates and Iâ€¦"
984599056730279937,4/ Chicago residents interested in having their tap water tested for lead can order a free testing kit from the citâ€¦ https://t.co/MUv6BxnyYr
984598856636739587,"RT @davemckinney: Brain-damaging lead found in tap water in hundreds of homes tested across Chicago, results show https://t.co/RZzD4bObp5"
984598685479768064,All tap water comes from sewage  https://t.co/y02tPwF7wW
984598657042452486,"@CNN Things I trust more than @Comey: a rabid wolverine, an IM from Carlos Danger, a porcupine petting zoo, Fukashiâ€¦ https://t.co/bs9zrZIBJJ"
984598555410292736,RT @zaaphie: .@chicagotribune reported tap water in 3/10 homes sampled had â€œalarming amounts of the toxic metalâ€ #lead â€” the mayor's officeâ€¦
984598424522805248,"Brain-damaging lead found in tap water in hundreds of homes tested across Chicago, results show https://t.co/fZUAEifqQ1"
984598070850740224,"RT @joel_inwood: If you read that story in the Trib by @kcecireyes and @scribeguy about ""Brain-damaging lead found in tap water in hundredsâ€¦"
984597950981660672,.@chicagotribune reported tap water in 3/10 homes sampled had â€œalarming amounts of the toxic metalâ€ #lead â€” the mayâ€¦ https://t.co/FYraxR6rLf
984597879154032641,"https://t.co/bXTZyTHLzj
The tap water that American are consuming every day contains many contaminants above a healâ€¦ https://t.co/Wa2Ggm7I3Z"
984596656552337408,RT @marzhanel: @TrishaDishes @tylerdavies1213 @ReporteroGDLmex @BayleeB79 @SteerMark @DKeithClimate @algore @JohnKerry @LeoDiCaprio @amnestâ€¦
984596645533945858,"Brain-damaging lead found in tap water in hundreds of homes tested across Chicago, results show https://t.co/2mNiRBC3M7"
984595889829314560,A7 For 1st grade we can talk about our own water use and how we can conserve and why conservation is important. Ifâ€¦ https://t.co/X1VMtX0QF1
984595507271032833,RT @WDMidlands: Testing the swimming pool @warwicksport this week using nothing but rainwater! After gathering rainwater in an attenuationâ€¦
984595307462905856,"Brain-damaging lead found in tap water in hundreds of homes tested across Chicago, results show https://t.co/pP82y1RXI0"
984595250369802241,"Brain-damaging lead found in tap water in hundreds of homes tested across Chicago, results show https://t.co/96QInt53o8"
984595067204718593,A7: Students can raise awareness about water issues and share simple solutions in their schools and communities.â€¦ https://t.co/Jm4G62ELCf
984594727646490624,RT @Sigh_ham: WHY IS FLINT STILL SUFFERING?THEY STILL DONT HAVE CLEAN DRINKING WATER YET WE'RE ALL HERE LIVING LIFE AND DISREGARDING A COMMâ€¦
984594119631802369,"RT @CooperVisionGLB: Water from the tap is safe for drinking, but believe it or not, it is NOT safe for storing or rinsing contact lenses.â€¦"
984593888601165825,"@EFEnglishLiveBR Yeh, tap water! Ok. But, tap water sounds like weird for us, cos here in Brazil, tap water isn' t potable"
984593597164150784,"RT @laurenjiggetts: â€œA Tribune analysis of the results shows lead was found in water drawn from nearly 70 percent of the 2,797 homes testedâ€¦"
984593589996019712,RT @AngieOnTheEdge: @studentactivism Not a teacher/lecturer but I was studying Business and HR at night school some years ago (equivalent tâ€¦
984593397674471424,@The_T_Pearson Playing the new mcpe beta is broken whenever i enter water fly button activates and i accidently tapâ€¦ https://t.co/V64XURFRtQ
984592792071663616,"â€œScientific doctrines may sensibly be called â€˜empirical,' just as water drawn from the tap in the Thames Valley Regâ€¦ https://t.co/F4whCznPyU"
984592637419249664,"Brain-damaging lead found in tap water in hundreds of homes tested across Chicago, results show https://t.co/QCx7caAR6x"
984592228369612800,"RT @iamwarready: â€œHave a little bit of water so you can sober upâ€

Blacked out me: https://t.co/Stk5ZL1crZ"
984592070101827584,"If you read that story in the Trib by @kcecireyes and @scribeguy about ""Brain-damaging lead found in tap water in hâ€¦ https://t.co/aYV7be4ALV"
984591909061443585,people who drink the tempe tap water should not be trusted
984591324665008128,"RT @tonee78: Thanks @BritaUSA for helping our children have a better in school option other than plastic bottles, we need to look toward thâ€¦"
984591245090611200,Why does some tap water taste weird? https://t.co/Op6GWZsIHt #drinkingwater #water #science
984590483740504064,"Plastic fibres found in tap water around the world, study reveals https://t.co/R7p4lI4bMk"
984590389536407552,"Brain-damaging lead found in tap water in hundreds of homes tested across Chicago, results show https://t.co/91zi3Ny1UL"
984589498284675072,"@intheMatrixxx @Ridge2100 @POTUS I know the truth about only a few things and yet sleep is almost impossible

Benghâ€¦ https://t.co/EUcundmVDf"
984589448993107968,"RT @TheOralBuffet: Brain-damaging lead found in tap water in hundreds of homes tested across Chicago, results show https://t.co/h3x7A1NQ23"
984589395629170688,@bloodredcharles @KryptonSYFY I would be screaming before It even touched my face
984588797286535168,RT @Mr_Parolin: Blown away by some of my student's submissions for their Tap Water PSAs/Commercials! Submission #1 .... action! ü¾™†”¼ü¾Œ†„¼ü¾˜¶ˆ¼ü¾™†”¼ü¾™–ˆ¼ü¾–„¼ü¾™†”¼ü¾Œ†„¼ü¾™†ˆ¼ü¾™†”¼ü¾Œ¦ˆ¼ü¾¶„¼#peel21stâ€¦
984588786259709953,RT @SafeWaterEng: 1L samples are not enough. Sequential sampling will help find a lead service line and if flushing is effective for reduciâ€¦
984588618412052481,RT @JustAGirIThing: 90s taco bell was a vibe í ¼í¼® https://t.co/SclnqW6f2S
984588514250633223,"Lead found in tap water in hundreds of homes tested across Chicago

""some 400,000 deaths yrly in U.S. linked to leaâ€¦ https://t.co/oLPHScH1TP"
984588340635820032,"RT @lexijo22: Hello world! My name is Lexi, I'm 21 years old and after 341 days of fighting
I'M OFFICIALLY CANCER FREE!!! https://t.co/FmB7â€¦"
984588180216139777,"Brain-damaging lead found in tap water in hundreds of homes tested across Chicago, results show https://t.co/fO7vhxttMz"
984587558343663616,"Brain-damaging lead found in tap water in hundreds of homes tested across Chicago, results show https://t.co/6kECTfcXFo"
984587432485146624,RT @The2019Seniors: Me in class at this point in the semester. https://t.co/UhHH91MB53
984587398381268994,RT @ErinMNeal11: LADIES!!! APRIL 15 12PM TO 6PM WE WILL BE HAVING ANOTHER CINDERELLAS CLOSET EVENT FOR YOU!!! WE HAVE TONS ANS TONS OF DRESâ€¦
984587384242298881,RT @RayLong: Chicago residents interested in having their tap water tested for lead can order a free testing kit from the city at https://tâ€¦
984587169770729472,"RT @ichigoichiae: If you care about what is happening to #kentucky #teachers and state employees, you should watch this video. It is a travâ€¦"
984586813846175744,"RT @nzeichner: @2014ORTOY That's an important point. Even with perfectly clean tap water, you need good infrastructure."
984586732103454721,"RT @Sarahchadwickk: If you take a cardboard cutout of a teenage shooting survivor and use it as target practice, you should not have a gun.â€¦"
984586571268673541,"Brain-damaging lead found in tap water in hundreds of homes tested across Chicago, results show https://t.co/JPJaQUoVro"
984585865950367744,"RT @Sinclair_Ceasar: My therapist taught me to interrupt my anxious thinking with thoughts like: ""What if things work out"" and ""What if allâ€¦"
984585747389759488,"The Behaviour of matter: Di...  https://t.co/nvkZZmEyFl Aim : To observe diffusion in a liquid. Equipment : Beaker,â€¦ https://t.co/ke2aZ7B6px"
984585628254957568,RT @devynsjohn: FLIRTING is cheating. KISSING is cheating. HAVING SEX WITH SOMEONE ELSE is cheating. If you have to hide or delete messagesâ€¦
984585050044993540,"Brain-damaging lead found in tap water in hundreds of homes tested across Chicago, results show https://t.co/3IwEO2q1CG"
984584948085608449,RT @momendeavors: How great would @BritaUSA Hydration Stations be in all schools?! So much better than disposable water bottle waste &amp; germâ€¦
984584856746196992,"@sjslaxdaddy @ImmoralGOP @CNN Police,firefighters, garbage collection,sewers, tap water, roads highways(Not toll)puâ€¦ https://t.co/rLyh5YCKlW"
984584657374253057,"Brain-damaging lead found in tap water in hundreds of homes tested across Chicago, results show https://t.co/OuysIPOecO"
984584485072244736,"RT @MAMChicago: Brain-damaging lead found in tap water in hundreds of homes tested across Chicago, results show https://t.co/pkDtJQfC06"
984584375953113088,"@2014ORTOY That's an important point. Even with perfectly clean tap water, you need good infrastructure."
984584368311152641,"RT @dsamqt: You can see our comrade speak tomorrow at the @OreDockBrewing Science on Tap! 
Topic: Water Protectors and Land Defenders: Civiâ€¦"
984584347499008000,@ajfernos It's not the same energize to have power. The AEE isn't telling truth. Moreover we have al least 1mm withâ€¦ https://t.co/fu1gbwDKsF
984584307250515968,@ViddyMalchick Remember they got in trouble for just putting tap water in a bottle
984584027071016962,water from the kitchen tap tastes better than water from the bathroom tap and that is a fact
984583953578262528,"Brain-damaging lead found in tap water in hundreds of homes tested across Chicago, results show https://t.co/bbHze5bqTn"
984583744089677829,"Brain-damaging lead found in tap water in hundreds of homes tested across Chicago, results show https://t.co/DZJIuCBs76"
984583615383191553,"Brain-damaging lead found in tap water in hundreds of homes tested across Chicago, results show - Chicago Tribune https://t.co/NTm9ZtGZXh"
984583582030225408,"Brain-damaging lead found in tap water in hundreds of homes tested across Chicago, results show https://t.co/pkDtJQfC06"
984583317596012544,"Brain-damaging lead found in tap water in hundreds of homes tested across Chicago, results show - Chicago Tribune https://t.co/Rhle6T0g9g"
984583195176914946,@jrbrownx2 @crampell maybe they're just drinking tap water
984582677436293120,"Brain-damaging lead found in tap water in hundreds of homes tested across Chicago, results show https://t.co/NTm9ZtYBlR"
984582596293099521,Observing Diffusion https://t.co/TEiX7qZyEw Aim: To observe diffusion in a liquid. Equipment: - Petri dish - waterâ€¦ https://t.co/V2P9ia48lZ
984582131107155968,Eco-friendly irrigation system requires at least some water. You can reduce the amount you use from the tap by collâ€¦ https://t.co/IjscPX483y
984582105098104833,https://t.co/eKE5zc0zdd Aim: To observe diffusion in a liquid Equipment: Petri dish or beaker water straw a crystalâ€¦ https://t.co/wgvB9yL0Cf
984582016862695425,RT @PinellasCoNews: It's your tap water and you give it to the ones you love. Have a voice in the choice of the region's next drinking wateâ€¦
984581748913664000,@Boompus_III ahhhhh we are Bungie tools! We shouldn't have drank the tap water! lol
984581735689150464,"Brain-damaging lead found in tap water in hundreds of homes tested across Chicago, results show https://t.co/PjsGF3OLr2"
984580144936316928,"RT @clintonkowach: Brain-damaging lead found in tap water in hundreds of homes tested across Chicago, results show https://t.co/alVeJUDJuBâ€¦"
984580009024212992,Don't drink the muthafuckin tap water in #Chicago.
984579855810523136,My self worth does not allow me to drink tap water.
984579807966060544,"Brain-damaging lead found in tap water in hundreds of homes tested across Chicago, results show https://t.co/0jMLYcMt92"
984579465824079878,@philomenadicks2 @_tanyawilson Amen to that sister - â€œcan I have a tap waterâ€ ughhhh
984579391262019584,"Brain-damaging lead found in tap water in hundreds of homes tested across Chicago, results show https://t.co/kLI2O5OOxX"
984579351797751808,Make sure you're getting enough water throughout the day. Water is the healthiest drink for your body and your smilâ€¦ https://t.co/rI4S0R6BUx
984579351034425344,Make sure you're getting enough water throughout the day. Water is the healthiest drink for your body and your smilâ€¦ https://t.co/0zYLihLxku
984578850200915973,Make sure you're getting enough water throughout the day. Water is the healthiest drink for your body and your smilâ€¦ https://t.co/0yg08u32JC
984578595858329600,Make sure you're getting enough water throughout the day. Water is the healthiest drink for your body and your smilâ€¦ https://t.co/68h2KS0L7w
984578205255430145,IU is wild. In the same day I've heard one kid say that he hasn't consumed anything except ramen and tap water forâ€¦ https://t.co/ahWqmZglPO
984577749267267584,@EPAScottPruitt @POTUS Your punishment in hell will be strapped to the top of a smoke stack forced to drink Flint'sâ€¦ https://t.co/vdYoXgLGLO
984577745048035328,"RT @khanyisilexx: Please don't come to me with stories about people I don't care about. That's not tea, it's tap water and I'm not drinkingâ€¦"
984577696947728384,@PhiladelphiaGov Is it true #Philly tap water has the same electrolytes as #Gatorade í ¾í´”
984577046176202753,"Brain-damaging lead found in tap water in hundreds of homes tested across Chicago, results show https://t.co/U2df26EO4p"
984576836511420416,RT @makaylatrenea: If u drink tap water I can't trust u period ü¾™†”¼ü¾Œ†„¼ü¾™†ˆ¼ü¾™†”¼ü¾†ˆ¼ü¾Œ£ ¼ü¾™†”¼ü¾Œ†„¼ü¾™†ˆ¼ü¾™†”¼ü¾Œ–ˆ¼ü¾™“ ¼ü¾™†”¼ü¾Œ†„¼ü¾˜¶ˆ¼ü¾™†”¼ü¾™¦ˆ¼ü¾™†ˆ¼
984576630046814209,"@texasdicks @aravosis Tap water in neti pots behind two brain-eating amoeba deaths in 2011, investigation findsâ€¦ https://t.co/pFJ22pB8gL"
984576406863491072,"Brain-damaging lead found in tap water in hundreds of homes tested across Chicago, results show https://t.co/jbZhcmGNaw"
984576350869651456,End of an era. Nando's and tap water in protest until Ferhat returns! https://t.co/a3Cj139TqD
984576324143632384,"Brain-damaging lead found in tap water in hundreds of homes tested across Chicago, results show https://t.co/ZjcPjmCcis"
984575136236908544,"RT @MtWestNews: #RockiesToday: #LNG export hub would tap #naturalgas in the #Rockies, #Missoula challenges AG on gun ordinance, #Idaho grouâ€¦"
984574970285232134,RT @soshijisoo: jackie's exposing tweet was tap water so here's the real tea don't let her fool you guys ü¾™†”¼ü¾Œ†„¼ü¾™–ˆ¼ü¾™†”¼ü¾†ˆ¼ü¾™¦„¼ü¾™†”¼ü¾Œ†„¼ü¾™–ˆ¼ü¾™†”¼ü¾†ˆ¼ü¾™¦„¼ https://t.co/C22OhPjWBV
984574951142363136,"â€œChicago could be a leader on nationwide solutions to this problem, but instead they appear to be sticking their heâ€¦ https://t.co/ETbyXaaP7R"
984574687144538113,The @Indians are going thru Detroit like some of that Flint tap water right now. #RollTribe
984574678164430848,"I could never imagine not having clean water, not being able to take showers, use tap water to cook or even brush mâ€¦ https://t.co/k4g0NwA1Ii"
984574587370270720,@JonDisick Might as well drink tap water í ½í¹„ lol
984574547683930112,"Brain-damaging lead found in tap water in hundreds of homes tested across Chicago, results show https://t.co/TAHROb2Exx"
984574226333159424,jackie's exposing tweet was tap water so here's the real tea don't let her fool you guys ü¾™†”¼ü¾Œ†„¼ü¾™–ˆ¼ü¾™†”¼ü¾†ˆ¼ü¾™¦„¼ü¾™†”¼ü¾Œ†„¼ü¾™–ˆ¼ü¾™†”¼ü¾†ˆ¼ü¾™¦„¼ https://t.co/C22OhPjWBV
984573917833474048,"Brain-damaging lead found in tap water in hundreds of homes tested across Chicago, results show https://t.co/PprYMeKfE4"
984573713776553991,Thinking about how much I hate sheffield tap water so disgusting.
984573574978703360,"RT @storyofstuff: Synthetic clothes like polyester are made out of plastic. When these fabrics are washed, they release tiny plastic strandâ€¦"
984573384775233536,Chicago residents interested in having their tap water tested for lead can order a free testing kit from the city at https://t.co/EMMMyovGNY
984573191484919808,RT @realtimwinton: Why are my novels classics? It's because they help learn which is the good water (from a tap or well) and which is the bâ€¦
984573152289284096,"@Shashjay1992 Hi Shashinda, sorry you're experiencing an issue. Discoloured water is usually an aesthetic rather thâ€¦ https://t.co/kEb1aY5kRL"
984572539593723905,"Brain-damaging lead found in tap water in hundreds of homes tested across Chicago, results show - Chicago Tribuneâ€¦ https://t.co/qPvefmPAlk"
984572482429636609,Actually don't drink tap water. And if y'all can't handle that intellectual conversation then you definitely can'tâ€¦ https://t.co/nFi51UQwv0
984572325604548612,I hate tap water omg
984572154585939968,Dogs are so smart. If nobody is sitting in eyes view of my dog &amp; his water bowl he will tap it till somebody hearsâ€¦ https://t.co/Qm3lfn9LUA
984572036260466688,@BLUERASB3RRY Have you tried living on tap water? Let's us know how it goes
984571958909128704,ayo starbucks charged me 30 cents for tap water like i ain't know they charged for water
984571887526301696,@jordanreiter @PhiladelphiaGov There's no good reason to put fluoride in tap water.
984571406276014080,If u drink tap water I can't trust u period ü¾™†”¼ü¾Œ†„¼ü¾™†ˆ¼ü¾™†”¼ü¾†ˆ¼ü¾Œ£ ¼ü¾™†”¼ü¾Œ†„¼ü¾™†ˆ¼ü¾™†”¼ü¾Œ–ˆ¼ü¾™“ ¼ü¾™†”¼ü¾Œ†„¼ü¾˜¶ˆ¼ü¾™†”¼ü¾™¦ˆ¼ü¾™†ˆ¼
984571092751675392,"RT @DoctorKarl: In wealthy/Level 4 countries, tap water is almost always safe. Chlorine/flouride levels are such as to be both effective anâ€¦"
984570886819893254,Check on y'all ppl CHICAGO GOT LEAD IN THEY TAP WATER ü¾™†”¼ü¾Œ†„¼ü¾™†ˆ¼ü¾™†”¼ü¾†ˆ¼ü¾™†„¼ü¾™†”¼ü¾Œ†„¼ü¾™†ˆ¼ü¾™†”¼ü¾†ˆ¼ü¾™†„¼ü¾™†”¼ü¾Œ†„¼ü¾™†ˆ¼ü¾™†”¼ü¾†ˆ¼ü¾™†„¼ü¾™†”¼ü¾Œ†„¼ü¾™†ˆ¼ü¾™†”¼ü¾Œ¦ˆ¼ü¾™¦„¼ü¾™†”¼ü¾Œ†„¼ü¾™†ˆ¼ü¾™†”¼ü¾†ˆ¼ü¾†ˆ¼
984570535974547456,RT @pepsi_twt: why is jhope drinking carbonated tap water? https://t.co/fLcpx9vKcn
984570105341272065,Results from the sequential sampling mirror a trend EPA researchers noticed six years ago when they tested Chicagoâ€¦ https://t.co/HNRt66K1Fm
984569976341319681,To the Taco Bell employee who charged me 3 dollars for a bottle of water because â€œthey don't do tap anymoreâ€ piss oâ€¦ https://t.co/DHedwcw9aP
984568711771312129,@Goss30Goss @Gidmeister @GOP It's too deep a sleep to wake up from. Maybe if the switch to bottle water and not driâ€¦ https://t.co/23l2yuTvnp
984568511820369920,"""Chicago Tribune analyzed results from tap water tests in 2,797 homes and found lead in nearly *70 percent* of themâ€¦ https://t.co/eoBKNL4L6o"
984568291875328000,Well you know we didn't have water in bottles it came from the tap you did not need 800 glasses a day (jokes) bullsâ€¦ https://t.co/XFcDkFgAgy
984567989642113024,"@stationmum101 @DoctorKarl Why on earth would I drink something that has mouldy snot floating on top???
I'll have tap water thanks..."
984566763349147648,RT @ABCRural: SA BUYS WATER FROM MURRAY-DARLING IRRIGATORS FOR ADELAIDE WATER SUPPLY: South Australia has angered irrigators by buying theiâ€¦
984566648022630400,So 'complimentary' for free you only get two small bottles of water at the hotel... In a country where tap water isâ€¦ https://t.co/TjyGDCSLop
984566613650345991,This is Why DC's Tap Water Tastes So Bad Right Now https://t.co/qfxYG8hhYz via @YouTube í ¾í´·í ¼í¿½â€â™€ï¸âš°ï¸
984566517483307014,@haley_godd You need to rinse your hair with tap water and then apply a leave-in conditioner to your entire head beâ€¦ https://t.co/2ffAo61JNp
984566187714424832,Finna take a video of me drinking tap water and send it to @Blaisewell
984565853038362626,RT @craftymomof3: #ad @BritaUSA is on a mission to help reduce the number of plastic water bottles that are in our schools &amp; the costs to tâ€¦
984565848953073664,RT @craftymomof3: #ad Brita USA is on a mission to help reduce the number of plastic water bottles that are in our schools! Their goal is tâ€¦
984565830510718977,Naw we drink bottled water. I wouldn't drink anyone's tap water. The government saying something is safe reminds meâ€¦ https://t.co/Ew7WV5uP9U
984565722436157440,"Brain-damaging lead found in tap water in hundreds of homes tested across Chicago, results show https://t.co/BPOVQFWJD5"
984565546640465920,@SentinelDoggie @PhiladelphiaGov Tap water isn't more expensive than gasoline.
984565410900168704,"@MaddowBlog Brain-damaging lead found in tap water in hundreds of homes tested across Chicago, results show https://t.co/bvmPU5Ebsj"
984565405426573312,#ad @BritaUSA is on a mission to help reduce the number of plastic water bottles that are in our schools &amp; the costâ€¦ https://t.co/TMHKQtGWsl
984565342579064833,tRump &amp; Pruitt POISONING AMERICANS ??? Brain-damaging lead found in tap water in hundreds of homes tested across Châ€¦ https://t.co/jLC0eFlbc1
984565183363407872,"@PhiladelphiaGov While this is a positive for health, I'd love to see bottled water consumption go down too. Tap waâ€¦ https://t.co/EhNhtr7JZk"
984565065851555845,"Brain-damaging lead found in tap water in hundreds of homes tested across Chicago, results show - Chicago Tribune - https://t.co/v5qbv32Nls"
984565010905968640,@DoctorKarl Taste of tap water varies greatly even within one city. Depends on dam vs ground vs desalination plant.â€¦ https://t.co/mrpEBQ61Ee
984564697344114690,When your bf's mom knows you want tap water instead of filtered #truelove
984564521615478784,#ad Brita USA is on a mission to help reduce the number of plastic water bottles that are in our schools! Their goaâ€¦ https://t.co/EZtdHzlav7
984564334922612736,RT @Trisyiazlan: why do boys be washing their face with tap water and have flawless skin rather than us girls that spend shitload of moneyâ€¦
984563718498365440,RT @longpeepee: eating kraft singles and sipping tap water living the good life
984563675066458112,"Brain-damaging lead found in tap water in hundreds of homes tested across Chicago, results show: https://t.co/strfVvHgGE"
984563252142231552,"Brain-damaging lead found in tap water in hundreds of homes tested across Chicago, results show https://t.co/5bHGQ4BjkS"
984562799572586497,"Brain-damaging lead found in tap water in hundreds of homes tested across Chicago, results show https://t.co/zbjHL94tBd"
984562723102101504,"Pinned to Pinterest Peddling on Pinterest: Besides burning fat and eliminating excess water from your body, the bevâ€¦ https://t.co/o8SoSVuaUL"
984562624389099522,"RT @PHXWater: #WaterAwarenessMonth Daily Tip: Bottled #water may be convenient, but the costs are high â€“ both literally and figuratively. Fâ€¦"
984562468285485057,note to self : dont pour tap water on a spoon that reflects the water into your face again.
984561479448920064,YA WAVE IS FULL OF TAP WATER
984561331104894976,"In denying that russian hookers peed on him, 45 said thet he is a germaphobe. Well, urine is sterile. It probably hâ€¦ https://t.co/PbMzY2wscX"
984561235923537920,"I will start buying water today! Brain-damaging lead found in tap water in hundreds of homes tested across Chicago,â€¦ https://t.co/V9LXTmMpER"
984560902706876416,"Brain-damaging lead found in tap water in hundreds of homes tested across Chicago, results show https://t.co/JFaIFw9GJh"
984560505556799489,"I mean, cool cool cool Libertarians, let's abolish taxes and just pay through the nose for any services we do use.â€¦ https://t.co/o6sKNVEXjd"
984560414808772608,!!!! â€œTap water tastes the same as bottled waterâ€. get out of my face https://t.co/V1tG2ZYHwK
984560076676513792,"Brain-damaging lead found in tap water in hundreds of homes tested across Chicago, results show https://t.co/tJPpAavXGd"
984560025585831936,RT @RefillBude: ReFILL is simple and it makes sense. We need everyone to follow this mentality. ReFILLing with pure tap water í ½í²¦ is the wayâ€¦
984559007577853952,How are people grown adults and ashamed to say they look for bargains and like to save money? I'll literally be likâ€¦ https://t.co/ZeLpplhQ8A
984558302687199232,RT @PixiesCouture: Yay I haven't missed #woofwoofwednesday this week doing happy dance here at the tiny paws pad It's a wet wet day here waâ€¦
984558239684669440,RT @EliotReaney: What's the deal with Holy Water? I mean my Rev. asked me to get him some. I wasn't sure what to do so I just got some tapâ€¦
984558107870154753,New on tap from Squamish Water Kefir: Hibiscus!
984557783784673280,@ARavensDefense He blinked at the liquid in his goblet. Water.. well.. a little tap from his wand should change thaâ€¦ https://t.co/geitr94FGm
984557749651623938,"â€œA Tribune analysis of the results shows lead was found in water drawn from nearly 70 percent of the 2,797 homes teâ€¦ https://t.co/aR9djNcI7r"
984557734384361472,Just 10 mins is left to participate in experiential activities. Students and community members are still trying toâ€¦ https://t.co/F4aSU3YeXC
984557664196792320,RT @scribeguy: Alarming levels of brain-damaging lead found in household tap water samples throughout Chicago. But Mayor Rahm Emanuel is keâ€¦
984557610501361664,Just got a sip of Cuban tap water down my throat https://t.co/bdxoM4vCC0
984557515986829312,@Skunky123Aj @TRHLofficial definitely flint tap water
984557310457663490,@Alablast @marklevinshow Planned Parenthood?  What else are they doing besides abortions?  Big deal about the abortâ€¦ https://t.co/n2p0bxECBI
984556981657595904,@ourfazinali arrowhead water is nasty. tastes like tap water lmaoooo
984556953065181184,@Dee_bossbishh A cup of tap water!
984556872219836416,"#RockiesToday: #LNG export hub would tap #naturalgas in the #Rockies, #Missoula challenges AG on gun ordinance,â€¦ https://t.co/DJruyh2IEc"
984556785334972417,@SomethnSpecial A cup of tap water? í ¾í´”
984556719534739456,@TRHLofficial Now I really wanna know what that is?  Is that Mountain Dew or flint tap water?
984556693001506818,"Brain-damaging lead found in tap water in hundreds of homes tested across Chicago, results show https://t.co/MZWFxrFQd5"
984556686458400768,"6 MILLION AMERICANS ARE DRINKING UNSAFE LEVELS OF TOXIC CHEMICALS IN THEIR WATER
The Daily Sheeple 

Editor's Note:â€¦ https://t.co/VXZV8H9DYx"
984556677922983936,"Brain-damaging lead found in tap water in hundreds of homes tested across Chicago, results show https://t.co/qJhtefSEp9"
984556676291457024,@LanethSffarlenn We are more in sync than tap water!
984556462465630208,RT @ecoclub_ffm: Eco monitors are excited to launch the Ban the bottle campaign From April 16-20 Ss are encouraged to have a reusable waterâ€¦
984556113919184897,RT @JRsarahtc: Do you drink water? From your tap? Some Americans can't. Because it's unsafe. In the U.S. Please read this THREAD! ü¾™†”¼ü¾Œ†„¼ü¾™†ˆ¼ü¾™†”¼ü¾Œ¦ˆ¼ü¾¦„¼â˜ ï¸ #Flinâ€¦
984556018679144450,RT @USAMilitaryUSA: Love it https://t.co/jZEvbwcwlg
984555726097002500,"RT @laurammlg: Woman: I don't know anybody by the name daniel
Julien: sorry that's actually my middle name
Woman: I don't have any guys worâ€¦"
984555717540614144,@evepeyser It's sterile...There are less bacteria in urine than in tap water...perhaps appealing to Trump the germophobe ...
984555595872251911,"RT @keatonxxgrant: here's a dog and his owl friends 

thank me later https://t.co/sSdfUTPUgR"
984555526976606208,RT @ebenB_: When you make a bunch of plans in a manic frenzy but then you crash and get depressed and people start responding to your textsâ€¦
984555367098183680,RT @emmasemchuk: help me out https://t.co/ugfJdIny8V
984555313633341443,RT @TheDweck: Man Farts Up Entire Elevator Then Gets Off at Next Stop https://t.co/DIMTNyquzu
984555238978879490,"RT @lydianewtonn: dear mother nature 
please pull through for prom day
thank u"
984555166019047424,"RT @_ericcurtin: executioner: any last words?

logic: im biracial"
984554992869634049,@armodan And that was just from the tap water.
984554564371304450,Eco monitors are excited to launch the Ban the bottle campaign From April 16-20 Ss are encouraged to have a reusablâ€¦ https://t.co/gBhrZTNkNj
984554262138097665,U.S.: Tainted Tap Water | The New York Times  https://t.co/KBHLt3GPkw
984553885443375104,"In wealthy/Level 4 countries, tap water is almost always safe. Chlorine/flouride levels are such as to be both effeâ€¦ https://t.co/eMX7FyKGGl"
984553748608507904,"According to #PopSci, more than one quarter of all bottled water comes from the same place tap water comes from. https://t.co/NQkUGFPgIM"
984553147300503552,@Mangal2 I will miss you so much on here. I will continue to insist on dining with you on trips to N London and wilâ€¦ https://t.co/M9qQr2KVK1
984553033517297664,Denver CO is courting disease here: https://t.co/TNuyQ6T0rY  This type of stuff often goes badly.
984552918836744192,Weird though of the day: Why does water from the bathroom tap taste different than water from the kitchen tap? https://t.co/3VQa5fN44S
984552895461904385,Can you tell the difference between tap water and different kinds of bottle water? #WaterTasting https://t.co/Mqp7T9GVPo
984552776507240449,Taste testing water for Illinois Water Day at the campus YMCA! Hint: bottled water comes from tap water.â€¦ https://t.co/fGgGdlEVLi
984552707171155969,"@stubbornella Amazingly, it usually is potable, in the sense that it uses the same water that would come out of youâ€¦ https://t.co/r2SlmPS7u4"
984552306619441152,"what yall need to start doing: 
â€¢stop using straws in restaurants, buy a reusable one if you need it
â€¢reusable bagsâ€¦ https://t.co/uILc0AFRD3"
984552247123038209,"Did you know Over 2,000 plastic water bottles are used every second in the U.S. alone? I learned this from watchingâ€¦ https://t.co/7niqXpvYOy"
984551982735265793,This new machine replicates NYC tap #water for authentic Big Apple pizza @TastingTable https://t.co/UpeRwdp4Nj
984551830976901128,Why does some tap water taste weird? | Australia news | The Guardian https://t.co/0JLZWdnsme https://t.co/AtwExsaVAJ
984551720968708097,@SWWHelp why has my tap water been like this for the past 3 days please? https://t.co/pSvSFhU6JV
984551556090679296,RT @zackfox: bitches drink one glass of tap water and stop replying to texts
984551305954955265,"RT @tayjayayee: Maybe im just a water snob but there is such a taste difference between bottled water, tap water, and water fountain water.â€¦"
984551023355334657,"Brain-damaging lead found in tap water in hundreds of homes tested across Chicago, results show - authoritative repâ€¦ https://t.co/A5ggNQntg8"
984550711127085056,RT @MariahCarey: Magic on the set...Just made fresh sparkling water from tap water :) Thanks #sodastream http://t.co/S4WHXFV1IH
984550107222863873,"RT @ChicagoBreaking: Brain-damaging lead found in tap water in hundreds of homes tested across Chicago, results show https://t.co/KlVHTQNOdâ€¦"
984549921444507649,"Well damn...I'm beginning to think the entirety of the Midwest as a whole is plagued with this problem.

""Brain-damâ€¦ https://t.co/DT7V4qwVAX"
984549571211735040,"Brain-damaging lead found in tap water in hundreds of homes tested across Chicago, results show https://t.co/nCh9Wrwm23"
984549342928429061,"RT @katchicago: Testing finds lead in the tap water at hundreds of homes across Chicago, a city where lead pipes often carry water from theâ€¦"
984548113280102404,RT @AluraWorrell: When my friends give me tap water and swear it's bottled https://t.co/xo5o0onVHg
984548026256674816,@Kyanos Probably because they don't like you buying water in bottles! They are proud of their tap water... ü¾™†”¼ü¾Œ†„¼ü¾™†ˆ¼ü¾™†”¼ü¾Œ–ˆ¼ü¾™ƒ ¼
984547816499564555,@HeatherBeattieX Might buy you a glass of tap water out the coffee club
984547781732913152,@Mangal2 @McMoop Nooooooo! Come back! (I pay cash and order tap water)
984547464727347201,Define a bankrupt Black Hitler Obama Legacy: a conspiracy to corrupt lead poisoning testing in ghetto Auschwitzes aâ€¦ https://t.co/NaIWJPtQLm
984546730569060355,RT @victoriakwon99: Tap water is so disgusting
984546456014073863,RT @JimmyTheBag: $200 Bets. NHL Capitals-1.5(+190) Predators-1.5(+100) Ducks(-140) MLB Rockies(+165) RedSox(-105) Twins-1.5(-105) Too muchâ€¦
984545694437568513,Memphians drinking tap water in other cities https://t.co/4e1PmmXp0b
984545671876366336,missing everything about manc apart from the shite tap water x
984545322029539328,Brain-damaging lead found in tap water in hundreds of homes tested across Chicago https://t.co/wQqdZH0rqJ
984545271974678533,"Brain-damaging lead found in tap water in hundreds of homes tested across Chicago, results show https://t.co/lzqgk2irt4"
984545020480053250,RT @ToddLighty: Brain-damaging lead found in tap water in hundreds of homes tested across Chicago @scribeguy @kcecireyes https://t.co/sBQ1Fâ€¦
984544721640050688,"Officials assured residents that despite the unpleasant aroma and assault on the palate, what flows from the tap isâ€¦ https://t.co/f8pT52qDE2"
984544470824833024,Look closely at the debris filtered out of stream water. Our scientist recommends drinking tap water or bottled watâ€¦ https://t.co/SLJuIbMwCx
984544374267707392,hate wasting plastic but ive had to buy bottled water just so that my tastebuds wouldnt have to encounter the bristol tap water
984544210551558144,"RT @natashakorecki: Brain-damaging lead found in tap water in hundreds of homes tested across Chicago, results show https://t.co/H13Rkxe23S"
984544193082286081,"The USO-3 Ozone Water Purifier purifies your tap water with safe, sterilizing ozone, right at home. With a USO-3 yoâ€¦ https://t.co/B69A2hxsiu"
984543182779179008,RT @andreasharsono: Legislators revealed that the Jakarta admin plan to expand clean-water supply was not included in the city's mid-term pâ€¦
984542987156942848,$200 Bets. NHL Capitals-1.5(+190) Predators-1.5(+100) Ducks(-140) MLB Rockies(+165) RedSox(-105) Twins-1.5(-105) Toâ€¦ https://t.co/syTONPNq3U
984542945654247425,"Sad state of affairs when I can smell the difference in tap water and bottled water.

#ConspiracyTheoryâ€¦ https://t.co/MvATWBS7vM"
984542859813629957,RT @devinsimoneee: Black kids in Baltimore can't even drink the tap cause of high lead levels and you upset cause your brita filter water tâ€¦
984542720302747648,@james7phillips What about tap water
984541617125240832,"RT @oxfamgb: After 40 years without running water, every family in Hamrin village now has clean water on tap. Watch this to see how you'reâ€¦"
984541594606022656,"Brain-damaging lead found in tap water in hundreds of homes tested across Chicago, results show https://t.co/EhI37b1Iwr"
984541095362220043,"RT @jaackiiee_o: Teachers, remember this: the significance of the # of ppl who show up at the Capitol to protest PALES in comparison to theâ€¦"
984541039485743105,"Brain-damaging lead found in tap water in hundreds of homes tested across Chicago, results show https://t.co/8fRm1wtSV9 via @nuzzel"
984540966802677760,"RT @INDIEWASHERE: SHSJSJSJ THIS EXACT ""WOMEN ARE EMPOWERED IF THEY OWN GUNS"" THING HAPPENED IN BOJACK HORSEMEN AND IT WAS SATIRE AND THE DIâ€¦"
984540612614434818,"Tribune analysis of the results shows lead was found in water drawn from nearly 70 percent of the 2,797 homes testeâ€¦ https://t.co/i5hsyO8xR7"
984539889537601536,"RT @WaywardWinifred: Brain-damaging lead found in tap water in hundreds of homes tested across Chicago, results show https://t.co/NRdU9hTvMN"
984539396794810368,Special report: Brain-damaging lead was found in tap water in nearly 70 percent of homes tested across Chicago Itsâ€¦ https://t.co/jQCF3wF3D3
984539242352250880,RT @MichaelLopriore: When you wake up at your friends shitty apartment hungover ay eff and the only water in his house is tap. https://t.coâ€¦
984538933810823169,"Brain-damaging lead found in tap water in hundreds of homes tested across Chicago, results show https://t.co/OfQ99cSx0G"
984538365734273024,"Brain-damaging lead found in tap water in hundreds of homes tested across Chicago, results show https://t.co/HmI5NniHHs"
984537934396362752,"Have some questions about the quality of water at your tap? For those who are not water treatment professionals, weâ€¦ https://t.co/tmvmFwJNRH"
984537068960268288,"@Bxzerqz I drink Dasani and tap at school, taste the same. I drink arrow head at how or off brand water still tasteâ€¦ https://t.co/lqlqCB6Ejm"
984536913775333376,There's a growing list of municipalities registered for our upcoming Tap Water Taste Test. Don't miss out on your câ€¦ https://t.co/P2AJS4JIKC
